﻿<Event ID="PlayingWithFire Event" Active="14 Apr 2008 - 21 Apr 2008"> 
   <Droplist> 
      <AllDrop Items="6403" Count="1,1" Chance="3%" />
   </Droplist> 
   <Droplist> 
      <AllDrop Items="6404" Count="1,1" Chance="2%" />
   </Droplist>
   <Droplist> 
      <AllDrop Items="6405" Count="1,1" Chance="1%" />
   </Droplist>
   <Message Type="OnJoin" Msg="Эвент Playing With Fire: Cобирай Elven Firecrackers, Gunpowder, Magnesium и получишь приз у эвент - ненеджера!"/> 
   <EventEnd> 
      <Take From="AllPlayers"> 
           <Item ItemID="6403-6404-6405"></Item>
        </Take> 
     </EventEnd> 
</Event>
