﻿<Event ID="L2 Day Event" Active="14 Apr 2008 - 21 Apr 2007"> 
   <Droplist> 
      <AllDrop Items="3875,3876,3877,3878,3879,3880,3881,3882,3883,3884,3885,3886,3887,3888" Count="1,1" Chance="2%" /> 
   </Droplist> 
   <Message Type="OnJoin" Msg="Эвент L2Day: Собери слова NCSOFT, CHRONICLE, LINEAGE II из букв, и получи награду у Эвент-Мэнеджера" /> 
   <EventEnd> 
      <Take From="AllPlayers"> 
           <Item ItemID="3875-3888"></Item>
        </Take> 
     </EventEnd> 
</Event>