<WorldData>
	<PetData Type="WindHatchling" ID="12311" Levels="1,81">
		<Stat Name="MaxFeed">
			<Formula>
				-0.0003*level*level*level*level + 0.051*level*level*level - 2.3687*level*level + 62.115*level + 230.72
			</Formula>
		</Stat>
		<Stat Name="FeedBattle">
			<Formula>
				-5E-06*level*level*level*level + 0.0008*level*level*level - 0.0362*level*level + 0.9587*level + 3.7985
			</Formula>
		</Stat>
		<Stat Name="FeedNormal">
			<Formula>
				-2E-07*level*level*level*level + 2E-05*level*level*level - 0.0011*level*level + 0.0056*level + 1.9504
			</Formula>
		</Stat>
		<Stat Name="PAtk">
			<Formula>
				-1E-05*level*level*level*level + 0.0021*level*level*level - 0.0726*level*level + 1.0398*level + 6.8776
			</Formula>
		</Stat>
		<Stat Name="PDef">
			<Formula>
				-4E-06*level*level*level*level + 0.0006*level*level*level - 0.0108*level*level + 0.5649*level + 19.534
			</Formula>
		</Stat>
		<Stat Name="MAtk">
			<Formula>
				-3E-06*level*level*level*level + 0.0004*level*level*level - 0.0114*level*level + 0.2221*level + 0.0282
			</Formula>
		</Stat>
		<Stat Name="MDef">
			<Formula>
				-7E-07*level*level*level*level + 6E-05*level*level*level - 0.004*level*level + 0.3042*level + 7.8166
			</Formula>
		</Stat>
		<Stat Name="HP">
			<Formula>
				-5E-05*level*level*level*level + 0.0064*level*level*level - 0.0804*level*level + 6.8356*level + 6.3579
			</Formula>
		</Stat>
		<Stat Name="MP">
			<Formula>
				-3E-05*level*level*level*level + 0.0045*level*level*level - 0.1025*level*level + 4.721*level + 13.703
			</Formula>
		</Stat>
		<Stat Name="RegenHP">
			<Formula>
				3E-07*level*level*level*level + 5E-05*level*level*level - 0.0036*level*level + 0.0042*level + 1.9333
			</Formula>
		</Stat>
		<Stat Name="RegenMP">
			<Formula>
				1E-07*level*level*level*level + 2E-05*level*level*level - 0.0012*level*level + 0.0077*level + 0.8553
			</Formula>
		</Stat>
		<Stat Name="Exp"><!--(-7E-07*level*level*level*level + 0.0001*level*level*level - 0.0107*level*level + 0.3749*level + 1.2914)!-->
			<Formula>
				pow(10, (1.9455*log1p(level)) - 0.1243)
			</Formula>
		</Stat>
	</PetData>
</WorldData>